date,missing_report,transfers_exceed_custody,discharges_exceed_hhs_care,negative_values
2023-01-13,True,False,False,False
2023-01-14,True,False,False,False
2023-01-15,True,False,False,False
2023-01-16,True,False,False,False
2023-01-17,True,False,False,False
2023-01-18,True,False,False,False
2023-01-19,True,False,False,False
2023-01-20,True,False,False,False
2023-01-21,True,False,False,False
2023-01-24,False,True,False,False
2023-01-25,False,True,False,False
2023-01-26,True,False,False,False
2023-01-27,True,False,False,False
2023-01-28,True,False,False,False
2023-02-02,False,True,False,False
2023-02-03,True,False,False,False
2023-02-04,True,False,False,False
2023-02-10,True,False,False,False
2023-02-11,True,False,False,False
2023-02-17,True,False,False,False
2023-02-18,True,False,False,False
2023-02-19,True,False,False,False
2023-02-22,False,True,False,False
2023-02-23,False,True,False,False
2023-02-24,True,False,False,False
2023-02-25,True,False,False,False
2023-03-01,False,True,False,False
2023-03-03,True,False,False,False
2023-03-04,True,False,False,False
2023-03-05,True,False,False,False
2023-03-06,True,False,False,False
2023-03-10,True,False,False,False
2023-03-11,True,False,False,False
2023-03-12,True,False,False,False
2023-03-17,True,False,False,False
2023-03-18,True,False,False,False
2023-03-24,True,False,False,False
2023-03-25,True,False,False,False
2023-03-31,True,False,False,False
2023-04-01,True,False,False,False
2023-04-03,False,True,False,False
2023-04-07,True,False,False,False
2023-04-08,True,False,False,False
2023-04-14,True,False,False,False
2023-04-15,True,False,False,False
2023-04-21,True,False,False,False
2023-04-22,True,False,False,False
2023-04-25,False,True,False,False
2023-04-28,True,False,False,False
2023-04-29,True,False,False,False
2023-05-04,False,True,False,False
2023-05-05,True,False,False,False
2023-05-06,True,False,False,False
2023-05-12,True,False,False,False
2023-05-13,True,False,False,False
2023-05-17,False,True,False,False
2023-05-18,False,True,False,False
2023-05-19,True,False,False,False
2023-05-20,True,False,False,False
2023-05-23,False,True,False,False
2023-05-26,True,False,False,False
2023-05-27,True,False,False,False
2023-05-28,True,False,False,False
2023-05-29,False,True,False,False
2023-05-31,False,True,False,False
2023-06-02,True,False,False,False
2023-06-03,True,False,False,False
2023-06-09,True,False,False,False
2023-06-10,True,False,False,False
2023-06-11,False,True,False,False
2023-06-12,False,True,False,False
2023-06-13,False,True,False,False
2023-06-15,False,True,False,False
2023-06-16,True,False,False,False
2023-06-17,True,False,False,False
2023-06-18,True,False,False,False
2023-06-23,True,False,False,False
2023-06-24,True,False,False,False
2023-06-30,True,False,False,False
2023-07-01,True,False,False,False
2023-07-03,True,False,False,False
2023-07-05,False,True,False,False
2023-07-06,False,True,False,False
2023-07-07,True,False,False,False
2023-07-08,True,False,False,False
2023-07-12,False,True,False,False
2023-07-14,True,False,False,False
2023-07-15,True,False,False,False
2023-07-21,True,False,False,False
2023-07-22,True,False,False,False
2023-07-28,True,False,False,False
2023-07-29,True,False,False,False
2023-08-04,True,False,False,False
2023-08-05,True,False,False,False
2023-08-09,False,True,False,False
2023-08-11,True,False,False,False
2023-08-12,True,False,False,False
2023-08-13,True,False,False,False
2023-08-14,True,False,False,False
2023-08-15,True,False,False,False
2023-08-18,True,False,False,False
2023-08-19,True,False,False,False
2023-08-25,True,False,False,False
2023-08-26,True,False,False,False
2023-09-01,True,False,False,False
2023-09-02,True,False,False,False
2023-09-03,True,False,False,False
2023-09-06,False,True,False,False
2023-09-08,True,False,False,False
2023-09-09,True,False,False,False
2023-09-15,True,False,False,False
2023-09-16,True,False,False,False
2023-09-17,False,True,False,False
2023-09-22,True,False,False,False
2023-09-23,True,False,False,False
2023-09-28,False,True,False,False
2023-09-29,True,False,False,False
2023-09-30,True,False,False,False
2023-10-01,False,True,False,False
2023-10-04,False,True,False,False
2023-10-06,True,False,False,False
2023-10-07,True,False,False,False
2023-10-08,True,False,False,False
2023-10-10,False,True,False,False
2023-10-12,False,True,False,False
2023-10-13,True,False,False,False
2023-10-14,True,False,False,False
2023-10-20,True,False,False,False
2023-10-21,True,False,False,False
2023-10-23,False,True,False,False
2023-10-24,False,True,False,False
2023-10-25,False,True,False,False
2023-10-27,True,False,False,False
2023-10-28,True,False,False,False
2023-10-29,False,True,False,False
2023-11-02,False,True,False,False
2023-11-03,True,False,False,False
2023-11-04,True,False,False,False
2023-11-09,True,False,False,False
2023-11-10,True,False,False,False
2023-11-11,True,False,False,False
2023-11-12,False,True,False,False
2023-11-14,False,True,False,False
2023-11-15,False,True,False,False
2023-11-17,True,False,False,False
2023-11-18,True,False,False,False
2023-11-22,True,False,False,False
2023-11-24,True,False,False,False
2023-11-25,True,False,False,False
2023-11-26,False,True,False,False
2023-12-01,True,False,False,False
2023-12-02,True,False,False,False
2023-12-04,False,True,False,False
2023-12-08,True,False,False,False
2023-12-09,True,False,False,False
2023-12-11,False,True,False,False
2023-12-13,False,True,False,False
2023-12-14,False,True,False,False
2023-12-15,True,False,False,False
2023-12-16,True,False,False,False
2023-12-22,True,False,False,False
2023-12-23,True,False,False,False
2023-12-24,True,False,False,False
2023-12-25,False,True,False,False
2023-12-29,True,False,False,False
2023-12-30,True,False,False,False
2023-12-31,True,False,False,False
2024-01-04,False,True,False,False
2024-01-05,True,False,False,False
2024-01-06,True,False,False,False
2024-01-07,False,True,False,False
2024-01-08,False,True,False,False
2024-01-10,False,True,False,False
2024-01-12,True,False,False,False
2024-01-13,True,False,False,False
2024-01-14,True,False,False,False
2024-01-19,True,False,False,False
2024-01-20,True,False,False,False
2024-01-24,False,True,False,False
2024-01-26,True,False,False,False
2024-01-27,True,False,False,False
2024-01-30,False,True,False,False
2024-02-02,True,False,False,False
2024-02-03,True,False,False,False
2024-02-09,True,False,False,False
2024-02-10,True,False,False,False
2024-02-12,False,True,False,False
2024-02-16,True,False,False,False
2024-02-17,True,False,False,False
2024-02-18,True,False,False,False
2024-02-23,True,False,False,False
2024-02-24,True,False,False,False
2024-03-01,True,False,False,False
2024-03-02,True,False,False,False
2024-03-08,True,False,False,False
2024-03-09,True,False,False,False
2024-03-15,True,False,False,False
2024-03-16,True,False,False,False
2024-03-19,False,True,False,False
2024-03-22,True,False,False,False
2024-03-23,True,False,False,False
2024-03-29,True,False,False,False
2024-03-30,True,False,False,False
2024-04-05,True,False,False,False
2024-04-06,True,False,False,False
2024-04-12,True,False,False,False
2024-04-13,True,False,False,False
2024-04-19,True,False,False,False
2024-04-20,True,False,False,False
2024-04-26,True,False,False,False
2024-04-27,True,False,False,False
2024-04-28,False,True,False,False
2024-05-03,True,False,False,False
2024-05-04,True,False,False,False
2024-05-10,True,False,False,False
2024-05-11,True,False,False,False
2024-05-15,False,True,False,False
2024-05-17,True,False,False,False
2024-05-18,True,False,False,False
2024-05-23,False,True,False,False
2024-05-24,True,False,False,False
2024-05-25,True,False,False,False
2024-05-26,True,False,False,False
2024-05-31,True,False,False,False
2024-06-01,True,False,False,False
2024-06-03,False,True,False,False
2024-06-07,True,False,False,False
2024-06-08,True,False,False,False
2024-06-12,False,True,False,False
2024-06-14,True,False,False,False
2024-06-15,True,False,False,False
2024-06-21,True,False,False,False
2024-06-22,True,False,False,False
2024-06-27,False,True,False,False
2024-06-28,True,False,False,False
2024-06-29,True,False,False,False
2024-07-03,True,False,False,False
2024-07-05,True,False,False,False
2024-07-06,True,False,False,False
2024-07-07,False,True,False,False
2024-07-09,False,True,False,False
2024-07-10,False,True,False,False
2024-07-12,True,False,False,False
2024-07-13,True,False,False,False
2024-07-18,True,False,False,False
2024-07-19,True,False,False,False
2024-07-20,True,False,False,False
2024-07-21,False,True,False,False
2024-07-25,False,True,False,False
2024-07-26,True,False,False,False
2024-07-27,True,False,False,False
2024-07-29,False,True,False,False
2024-07-30,False,True,False,False
2024-08-02,True,False,False,False
2024-08-03,True,False,False,False
2024-08-09,True,False,False,False
2024-08-10,True,False,False,False
2024-08-16,True,False,False,False
2024-08-17,True,False,False,False
2024-08-23,True,False,False,False
2024-08-24,True,False,False,False
2024-08-25,True,False,False,False
2024-08-26,True,False,False,False
2024-08-30,True,False,False,False
2024-08-31,True,False,False,False
2024-09-01,True,False,False,False
2024-09-06,True,False,False,False
2024-09-07,True,False,False,False
2024-09-13,False,True,False,False
2024-09-14,True,False,False,False
2024-09-18,False,True,False,False
2024-09-20,True,False,False,False
2024-09-21,True,False,False,False
2024-09-27,True,False,False,False
2024-09-28,True,False,False,False
2024-10-02,False,True,False,False
2024-10-03,False,True,False,False
2024-10-04,True,False,False,False
2024-10-05,True,False,False,False
2024-10-06,True,False,False,False
2024-10-10,False,True,False,False
2024-10-11,True,False,False,False
2024-10-12,True,False,False,False
2024-10-18,True,False,False,False
2024-10-19,True,False,False,False
2024-10-24,True,False,False,False
2024-10-25,True,False,False,False
2024-10-26,True,False,False,False
2024-11-01,True,False,False,False
2024-11-02,True,False,False,False
2024-11-08,True,False,False,False
2024-11-09,True,False,False,False
2024-11-10,True,False,False,False
2024-11-11,False,True,False,False
2024-11-15,True,False,False,False
2024-11-16,True,False,False,False
2024-11-22,True,False,False,False
2024-11-23,True,False,False,False
2024-11-29,True,False,False,False
2024-11-30,True,False,False,False
2024-12-03,False,True,False,False
2024-12-06,True,False,False,False
2024-12-07,True,False,False,False
2024-12-12,False,True,False,False
2024-12-13,True,False,False,False
2024-12-14,True,False,False,False
2024-12-20,True,False,False,False
2024-12-21,True,False,False,False
2024-12-25,False,True,False,False
2024-12-26,False,True,False,False
2024-12-27,True,False,False,False
2024-12-28,True,False,False,False
2024-12-31,True,False,False,False
2025-01-01,False,True,False,False
2025-01-03,True,False,False,False
2025-01-04,True,False,False,False
2025-01-06,False,True,False,False
2025-01-08,False,True,False,False
2025-01-10,True,False,False,False
2025-01-11,True,False,False,False
2025-01-17,True,False,False,False
2025-01-18,True,False,False,False
2025-01-19,False,True,False,False
2025-01-20,False,True,False,False
2025-01-21,False,True,False,False
2025-01-23,False,True,False,False
2025-01-24,True,False,False,False
2025-01-25,True,False,False,False
2025-01-30,False,True,False,False
2025-01-31,True,False,False,False
2025-02-01,True,False,False,False
2025-02-02,False,True,False,False
2025-02-07,True,False,False,False
2025-02-08,True,False,False,False
2025-02-09,False,True,False,False
2025-02-13,False,True,False,False
2025-02-14,True,False,False,False
2025-02-15,True,False,False,False
2025-02-16,True,False,False,False
2025-02-21,True,False,False,False
2025-02-22,True,False,False,False
2025-02-27,False,True,False,False
2025-02-28,True,False,False,False
2025-03-01,True,False,False,False
2025-03-07,True,False,False,False
2025-03-08,True,False,False,False
2025-03-14,True,False,False,False
2025-03-15,True,False,False,False
2025-03-21,True,False,False,False
2025-03-22,True,False,False,False
2025-03-28,True,False,False,False
2025-03-29,True,False,False,False
2025-04-04,True,False,False,False
2025-04-05,True,False,False,False
2025-04-12,True,False,False,False
2025-04-18,True,False,False,False
2025-04-19,True,False,False,False
2025-04-25,True,False,False,False
2025-04-26,True,False,False,False
2025-05-02,True,False,False,False
2025-05-03,True,False,False,False
2025-05-09,True,False,False,False
2025-05-10,True,False,False,False
2025-05-16,True,False,False,False
2025-05-17,True,False,False,False
2025-05-20,True,False,False,False
2025-05-23,True,False,False,False
2025-05-24,True,False,False,False
2025-05-25,True,False,False,False
2025-05-26,True,False,False,False
2025-05-30,True,False,False,False
2025-05-31,True,False,False,False
2025-06-06,True,False,False,False
2025-06-07,True,False,False,False
2025-06-11,True,False,False,False
2025-06-12,True,False,False,False
2025-06-13,True,False,False,False
2025-06-14,True,False,False,False
2025-06-15,True,False,False,False
2025-06-16,True,False,False,False
2025-06-18,True,False,False,False
2025-06-20,True,False,False,False
2025-06-21,True,False,False,False
2025-06-27,True,False,False,False
2025-06-28,True,False,False,False
2025-07-03,True,False,False,False
2025-07-04,True,False,False,False
2025-07-05,True,False,False,False
2025-07-11,True,False,False,False
2025-07-12,True,False,False,False
2025-07-18,True,False,False,False
2025-07-19,True,False,False,False
2025-07-20,True,False,False,False
2025-07-25,True,False,False,False
2025-07-26,True,False,False,False
2025-08-01,True,False,False,False
2025-08-02,True,False,False,False
2025-08-08,True,False,False,False
2025-08-09,True,False,False,False
2025-08-15,True,False,False,False
2025-08-16,True,False,False,False
2025-08-22,True,False,False,False
2025-08-23,True,False,False,False
2025-08-29,True,False,False,False
2025-08-30,True,False,False,False
2025-08-31,True,False,False,False
2025-09-05,True,False,False,False
2025-09-06,True,False,False,False
2025-09-12,True,False,False,False
2025-09-13,True,False,False,False
2025-09-19,True,False,False,False
2025-09-20,True,False,False,False
2025-09-26,True,False,False,False
2025-09-27,True,False,False,False
2025-10-03,True,False,False,False
2025-10-04,True,False,False,False
2025-10-10,True,False,False,False
2025-10-11,True,False,False,False
2025-10-12,True,False,False,False
2025-10-17,True,False,False,False
2025-10-18,True,False,False,False
2025-10-24,True,False,False,False
2025-10-25,True,False,False,False
2025-10-31,True,False,False,False
2025-11-01,True,False,False,False
2025-11-07,True,False,False,False
2025-11-08,True,False,False,False
2025-11-10,True,False,False,False
2025-11-14,True,False,False,False
2025-11-15,True,False,False,False
2025-11-21,True,False,False,False
2025-11-22,True,False,False,False
2025-11-26,True,False,False,False
2025-11-28,True,False,False,False
2025-11-29,True,False,False,False
2025-12-05,True,False,False,False
2025-12-06,True,False,False,False
2025-12-12,True,False,False,False
2025-12-13,True,False,False,False
2025-12-19,True,False,False,False
2025-12-20,True,False,False,False
